id	debut	fin	duree	vers
S01	5.87	11.94	6.07	Wolof TechStein beat wê... / Yeah... Bandit Positif...
S02	11.94	17.49	5.55	Gbètché vivi... / Gbètché vivi, ma vie me plaît
S03	17.49	24.19	6.70	Gbètché vivi, je suis béni, je suis en paix / Wanyiyi dans mon cœur, nonvi dans mes veines
S04	24.19	27.36	3.17	Dagbé tous les jours, je marche sans chaîne
S05	27.36	41.60	14.24	Wolof TechStein beat wê!
S06	41.60	45.45	3.85	J'ai grandi dans la rue, j'ai appris à sourire
S07	45.45	52.32	6.87	Même quand c'était dur, j'ai jamais cessé de rire / On m'a dit "t'es un bandit", j'ai répondu "positif"
S08	52.32	55.97	3.65	Je vole pas vos rêves, je construis les miens, c'est distinct
S09	55.97	59.36	3.39	Gbètché vivi, ma vie me plaît, c'est vrai
S10	59.36	64.70	5.34	J'ai pas besoin de leur validation pour briller / Wanyiyi dans le cœur, c'est ça ma richesse
S11	64.70	70.93	6.23	Dagbé dans l'âme, c'est ça ma promesse / Nonvi, mon frère, on avance ensemble / Nonvi, mon frère, rien ne nous sépare
S12	70.93	75.00	4.07	Gbètché vivi, c'est notre cri de ralliement
S13	75.00	81.82	6.82	Wanyiyi, l'amour, c'est notre carburant / Gbètché vivi, ma vie me plaît
S14	81.82	88.26	6.44	Gbètché vivi, je suis béni, je suis en paix / Wanyiyi dans mon cœur, nonvi dans mes veines
S15	88.26	91.50	3.24	Dagbé tous les jours, je marche sans chaîne
S16	91.50	106.57	15.07	Wolof TechStein beat wê!
S17	106.57	112.45	5.88	Je marche la tête haute, je souris à la vie / Wanyiyi me guide, l'amour m'envahit / Nonvi à mes côtés, on partage le pain
S18	112.45	118.07	5.62	Dagbé dans nos rires, on connaît le chemin / Ils ont voulu nous diviser, on s'est multipliés
S19	118.07	124.51	6.44	Ils ont voulu nous briser, on s'est renforcés / Gbètché vivi, c'est ma philosophie
S20	124.51	128.58	4.07	Bandit Positif, c'est mon art de vivre, ma vie
S21	128.58	135.62	7.04	Nonvi, c'est notre cri de ralliement / Wanyiyi, l'amour, c'est notre carburant
S22	135.62	139.12	3.50	C'est le sang qui coule dans nos cœurs
S23	139.12	146.00	6.88	Nonvi, c'est la force qui efface nos peurs / Dagbé, c'est le but, c'est la destination
S24	146.00	149.52	3.52	Gbètché vivi, c'est notre liberation
S25	149.52	156.01	6.49	Gbètché vivi, ma vie me plaît / Gbètché vivi, je suis béni, je suis en paix
S26	156.01	162.75	6.74	Wanyiyi dans mon cœur, nonvi dans mes veines / Dagbé tous les jours, je marche sans chaîne
S27	162.75	170.09	7.34	Wolof TechStein beat wê!
S28	170.09	181.17	11.08	Wolof TechStein beat wê...
S29	181.17	183.74	2.57	Gbètché vivi... / Wanyiyi... Nonvi... Dagbé...
S30	183.74	194.83	11.09	(Bandit Positif...)
